Movie;Time
Deliha (1);00:00
Unutursam Fısılda (3);00:00
Yıldızlar Arası (4) - BİTİŞ;00:01
Deliha (8) - ARA;00:03
İncir Reçeli (5) - ARA;00:10
Yıldızlar Arası (4);00:15
Olur Olur (6) - ARA;00:17
Salak ile Avanak (2) - ARA;00:45
Fury (7) - ARA;00:56
Deliha (1) - ARA;01:03
Deliha (8) - BİTİŞ;01:03
Unutursam Fısılda (3) - ARA;01:07
İncir Reçeli (5) - BİTİŞ;01:09
Olur Olur (6) - BİTİŞ;01:18
Salak ile Avanak (2) - BİTİŞ;01:45
Yıldızlar Arası (4) - ARA;01:45
Deliha (1) - BİTİŞ;02:03
Fury (7) - BİTİŞ;02:05
Unutursam Fısılda (3) - BİTİŞ;02:13
Yıldızlar Arası (4) - BİTİŞ;03:16
Arı Maya (8);11:00
Evliya Çelebi (7);11:00
İncir Reçeli (5);11:15
Salak ile Avanak (2);11:15
Yıldızlar Arası (4);11:15
Deliha (1);11:30
Unutursam Fısılda (3);11:30
Evliya Çelebi (7) - ARA;11:44
Arı Maya (8) - ARA;11:45
Olur Olur (6);12:00
İncir Reçeli (5) - ARA;12:10
Salak ile Avanak (2) - ARA;12:15
Evliya Çelebi (7) - BİTİŞ;12:31
Deliha (1) - ARA;12:33
Arı Maya (8) - BİTİŞ;12:37
Unutursam Fısılda (3) - ARA;12:37
Evliya Çelebi (7);12:40
Yıldızlar Arası (4) - ARA;12:45
Arı Maya (8);12:50
Olur Olur (6) - ARA;13:02
İncir Reçeli (5) - BİTİŞ;13:09
İncir Reçeli (5);13:15
Salak ile Avanak (2) - BİTİŞ;13:15
Evliya Çelebi (7) - ARA;13:24
Deliha (1) - BİTİŞ;13:33
Arı Maya (8) - ARA;13:35
Unutursam Fısılda (3) - BİTİŞ;13:43
Salak ile Avanak (2);13:45
Deliha (1);14:00
Unutursam Fısılda (3);14:00
Olur Olur (6) - BİTİŞ;14:03
İncir Reçeli (5) - ARA;14:10
Evliya Çelebi (7) - BİTİŞ;14:11
Olur Olur (6);14:15
Yıldızlar Arası (4) - BİTİŞ;14:16
Evliya Çelebi (7);14:20
Arı Maya (8) - BİTİŞ;14:27
Yıldızlar Arası (4);14:30
Arı Maya (8);14:40
Salak ile Avanak (2) - ARA;14:45
Deliha (1) - ARA;15:03
Evliya Çelebi (7) - ARA;15:04
Unutursam Fısılda (3) - ARA;15:07
İncir Reçeli (5) - BİTİŞ;15:09
İncir Reçeli (5);15:15
Olur Olur (6) - ARA;15:17
Arı Maya (8) - ARA;15:25
Salak ile Avanak (2) - BİTİŞ;15:45
Evliya Çelebi (7) - BİTİŞ;15:51
Evliya Çelebi (7);16:00
Yıldızlar Arası (4) - ARA;16:00
Deliha (1) - BİTİŞ;16:03
İncir Reçeli (5) - ARA;16:10
Unutursam Fısılda (3) - BİTİŞ;16:13
Salak ile Avanak (2);16:15
Arı Maya (8) - BİTİŞ;16:17
Olur Olur (6) - BİTİŞ;16:18
Arı Maya (8);16:30
Deliha (1);16:30
Olur Olur (6);16:30
Unutursam Fısılda (3);16:30
Evliya Çelebi (7) - ARA;16:44
İncir Reçeli (5) - BİTİŞ;17:09
İncir Reçeli (5);17:15
Arı Maya (8) - ARA;17:15
Salak ile Avanak (2) - ARA;17:15
Evliya Çelebi (7) - BİTİŞ;17:31
Yıldızlar Arası (4) - BİTİŞ;17:31
Olur Olur (6) - ARA;17:32
Deliha (1) - ARA;17:33
Unutursam Fısılda (3) - ARA;17:37
Fury (7);17:40
Yıldızlar Arası (4);17:45
Arı Maya (8) - BİTİŞ;18:07
İncir Reçeli (5) - ARA;18:10
Salak ile Avanak (2) - BİTİŞ;18:15
Deliha (8);18:30
Deliha (1) - BİTİŞ;18:33
Olur Olur (6) - BİTİŞ;18:33
Unutursam Fısılda (3) - BİTİŞ;18:43
Olur Olur (6);18:45
Salak ile Avanak (2);18:45
Fury (7) - ARA;18:56
Deliha (1);19:00
Unutursam Fısılda (3);19:00
İncir Reçeli (5) - BİTİŞ;19:09
İncir Reçeli (5);19:15
Yıldızlar Arası (4) - ARA;19:15
Deliha (8) - ARA;19:33
Salak ile Avanak (2) - ARA;19:45
Olur Olur (6) - ARA;19:47
Deliha (1) - ARA;20:03
Fury (7) - BİTİŞ;20:05
Unutursam Fısılda (3) - ARA;20:07
İncir Reçeli (5) - ARA;20:10
Deliha (8) - BİTİŞ;20:33
Fury (7);20:40
Deliha (8);20:45
Salak ile Avanak (2) - BİTİŞ;20:45
Yıldızlar Arası (4) - BİTİŞ;20:46
Olur Olur (6) - BİTİŞ;20:48
Olur Olur (6);21:00
Yıldızlar Arası (4);21:00
Deliha (1) - BİTİŞ;21:03
İncir Reçeli (5) - BİTİŞ;21:09
Unutursam Fısılda (3) - BİTİŞ;21:13
İncir Reçeli (5);21:15
Salak ile Avanak (2);21:15
Deliha (1);21:30
Unutursam Fısılda (3);21:30
Deliha (8) - ARA;21:48
Fury (7) - ARA;21:56
Olur Olur (6) - ARA;22:02
İncir Reçeli (5) - ARA;22:10
Salak ile Avanak (2) - ARA;22:15
Yıldızlar Arası (4) - ARA;22:30
Deliha (1) - ARA;22:33
Unutursam Fısılda (3) - ARA;22:37
Deliha (8) - BİTİŞ;22:48
Deliha (8);23:00
Olur Olur (6) - BİTİŞ;23:03
Fury (7) - BİTİŞ;23:05
İncir Reçeli (5) - BİTİŞ;23:09
İncir Reçeli (5);23:15
Olur Olur (6);23:15
Salak ile Avanak (2) - BİTİŞ;23:15
Deliha (1) - BİTİŞ;23:33
Fury (7);23:40
Unutursam Fısılda (3) - BİTİŞ;23:43
Salak ile Avanak (2);23:45
